student_id,student_name,group
211014850,Mrwan Mohamed Khlf,N/A
231002467,Sherine Ahmed Hassanein,N/A
231004095,John Maged Labib,N/A
231004160,Abdullah Mohamed Shatat,N/A
231004206,Reem Hussein Hassan,N/A
231004224,Omar Nshat Ali,N/A
231004285,Abdullah Ashraf Abdalazyz,N/A
231004345,Farah Yasser Ibrahim,N/A
231004387,Youssef Hussein Nour,N/A
231004419,Nour Khaled Khlyf,N/A
231004431,Yasyn Wfyq Twlan,N/A
231004567,Yasyn Sherif Algwhry,N/A
231004649,Ali Syd Hsanyn,N/A
231004713,Yehia Ahmed El Hawy,N/A
231004727,Mrwan Walid Hgag,N/A
231004747,Gydaa Mgda Alkhshab,N/A
231004779,Mario Raafat Eid,N/A
231004836,Loay Walid Aboulmaaty,N/A
231004918,Mohamed Aslam Ali,N/A
231005027,Mira Atef Saleh,N/A
231005073,Abdalrhmn Mohamed El Sawy,N/A
231005333,Dha Mahmoud Dyf,N/A
231005400,Shahd Mohamed Gbryl,N/A
231005430,Mhnd Walid Nsar,N/A
231005501,Nancy Mohamed Arafat,N/A
231005601,Amal Youssef Saleh,N/A
231005689,Rytag Ali Ali,N/A
231005711,Basl Osama Slyman,N/A
231005756,Shahd Osama Saud,N/A
231005789,Rawan Atef Hassan,N/A
231005820,Omar Khaled Youssef,N/A
231005837,Mariam Wael El Borsaly,N/A
231005865,Dha Ayman Hassan,N/A
231005898,Moaz Wael Salam,N/A
231005915,Ahmed Fwza Alyasrga,N/A
231005936,Mariam Mohamed Salem,N/A
231005940,Mostafa Mohamed Gbr,N/A
231006012,Hazm Osama Hgag,N/A
231006127,Myrna Abdelazim Mostafa,N/A
231006131,Omar Hsam Gad,N/A
231006154,Lynda Ahmed Msylha,N/A
231006272,Ahmed Khwrshyd Myhwb,N/A
231006309,Arwa Yehia Salama,N/A
231006335,Mohamed Yasser Frg,N/A
231006359,Anas Mostafa Mekawy,N/A
231006367,Mohamed Alaa Lotfy,N/A
231006417,Mrwan Mohamed Alshama,N/A
231006502,Bsmlh Mohamed Mohamed,N/A
231006507,Nada Sherif Ibrahim,N/A
231006511,Zyd Mohamed Hamd,N/A
231006563,Mahmoud Amr Ahmed,N/A
231006572,Ziad Mohamed Hmam,N/A
231006574,Lyal Ahmed Mwsa,N/A
231006586,Rokaya Hmda Rbh,N/A
231006601,Nwralhda Ashraf Mahmoud,N/A
231006613,Gna Mohamed Ryad,N/A
231006688,Belal Ashraf Hassan,N/A
231006695,Omar Emad Alhbsha,N/A
231006760,Nour Reda Aboulkheir,N/A
231006766,Ziad Elsayed Hassan,N/A
231006798,Hussein Hesham Farid,N/A
231006804,Mark Hany Abadyr,N/A
231006822,Abdullah Emad Hassan,N/A
231006825,Anas Mohamed Styt,N/A
231006844,Adham Hany Ismail,N/A
231006856,Youssef Mohamed Ibrahim,N/A
231006879,Yasyn Tamer Abdalhmyd,N/A
231006900,Llwar Sadq Hussein,N/A
231006901,Ziad Khaled Ahmed,N/A
231006916,Abdullah Khaled Ammar,N/A
231006928,Krym Mohamed Ftyh,N/A
231006950,Youssef Mohamed Nhlh,N/A
231006982,Nada Mohamed Ibrahim,N/A
231007895,Nariman Adel El Azhary,N/A
231008132,Mrwan Abdalmnam Abdalmnam,N/A
231014002,Sma Syd Slyman,N/A
231014025,Nada Abdalazyz Amnh,N/A
231014067,Zeina Mohamed Ibrahim,N/A
231014083,Hana Ehab Ali,N/A
231014166,Nour Ahmed Algnda,N/A
231014184,Maram Tamer Abdelhai,N/A
231014241,Mostafa Walid Alkhwly,N/A
231014259,Mhab Amyn Hgaza,N/A
231014324,Ndym Kaml Kaml,N/A
231014333,Abdalrhmn Tarek Nour,N/A
231014342,Fatma Khalil Khalil,N/A
231014373,Mahmoud Ahmed Shalaby,N/A
231014395,Ahmed Farouk Donia,N/A
231014449,Youssef Krym Mohamed,N/A
231014457,Ziad Mohamed Mkhlwf,N/A
231014462,Tsnym Ahmed Alwzyr,N/A
231014466,Rawan Tarek Aboul Dahab,N/A
231014539,Yasyn Elsayed Alhada,N/A
231014590,Youssef Abdalmnam Salman,N/A
231014599,Youssef Ahmed Alswaf,N/A
231014647,Abdalrhmn Syd Twfyq,N/A
231014666,Nour Ahmed Mohamed,N/A
231014670,Radwa Sherif Hammad,N/A
231014691,Ziad Ehab Ahmed,N/A
231014744,Mohamed Ahmed Mrsy,N/A
231014755,Abdalrhmn Ahmed Alywh,N/A
231014761,Hmsh Ashraf Alskhy,N/A
231014763,Ywstyna Mmdwh Myna,N/A
231014770,Farida Ahmed Selim,N/A
231014783,Mnh Allh Atyh,N/A
231014786,Ahmed Mohamed Mohamed,N/A
231014824,Ali Omar Saleh,N/A
231014849,Dyfyd Atef Mkaryws,N/A
231014860,Rna Yasser Afyfy,N/A
231014972,Baraa Ayman Abdelazim,N/A
231015004,Mohamed Ahmed Althama,N/A
231015037,Asraa Amr Slamh,N/A
231015069,Sarh Rayf Abdalslam,N/A
231015218,Abdalrhmn Mohamed Abdalnba,N/A
231015291,Bishoy Morcos Habib,N/A
231015308,Omar Sherif El Adham,N/A
231016666,Mlk Ahmed Ibrahim,N/A
231017969,Anga Ali Th,N/A
232004221,Asmaa Adel Bywma,N/A
241004978,Omar Alaa Alsnadyda,N/A
EG260001,Omar Mohamed Hassan,N/A
EG260002,Mariam Ahmed Ali,N/A
EG260003,Youssef Mahmoud Ibrahim,N/A
EG260004,Nour Khaled Mostafa,N/A
EG260005,Salma Tarek El-Din,N/A
EG260006,Hana Sameh Farouk,N/A
EG260007,Karim Hany Abdelrahman,N/A
EG260008,Farida Sherif Nabil,N/A
EG260009,Ziad Amr Fathy,N/A
EG260010,Laila Hesham Younis,N/A
EG260011,Adham Wael Saad,N/A
EG260012,Malak Peter Girgis,N/A
EG260013,Ahmed Magdy Sobhy,N/A
EG260014,Jana Mohamed Samir,N/A
EG260015,Seif Mostafa Adel,N/A
EG260016,Habiba Walid Amin,N/A
EG260017,Mazen Alaa Kamel,N/A
EG260018,Yara Ashraf Soliman,N/A
EG260019,Mohamed Islam Ramadan,N/A
EG260020,Menna Emad Lotfy,N/A
S_RTEST,R Test User,N/A
S_TEST1,Test Student,N/A
S001,Linda,N/A
S002,Rawan,N/A
S003,Student 3,N/A
S004,Student 4,N/A
S005,Student 5,N/A
S006,Student 6,N/A
S007,Student 7,N/A
S008,Student 8,N/A
S009,Student 9,N/A
S010,Student 10,N/A
S011,Student 11,N/A
S012,Student 12,N/A
S013,Student 13,N/A
S014,Student 14,N/A
S015,Student 15,N/A
S016,Student 16,N/A
S017,Student 17,N/A
S018,Student 18,N/A
S019,Student 19,N/A
S020,Student 20,N/A
S021,Student 21,N/A
S022,Student 22,N/A
S023,Student 23,N/A
S024,Student 24,N/A
S025,Student 25,N/A
S026,Student 26,N/A
S027,Student 27,N/A
S028,Student 28,N/A
S029,Student 29,N/A
S030,Student 30,N/A
S031,Student 31,N/A
S032,Student 32,N/A
S033,Student 33,N/A
S034,Student 34,N/A
S035,Student 35,N/A
S036,Student 36,N/A
S037,Student 37,N/A
S038,Student 38,N/A
S039,Student 39,N/A
S040,Student 40,N/A
S041,Student 41,N/A
S042,Student 42,N/A
S043,Student 43,N/A
S044,Student 44,N/A
S045,Student 45,N/A
S046,Student 46,N/A
S047,Student 47,N/A
S048,Student 48,N/A
S049,Student 49,N/A
S050,Student 50,N/A
S051,Student 51,N/A
S052,Student 52,N/A
S053,Student 53,N/A
S054,Student 54,N/A
S055,Student 55,N/A
S056,Student 56,N/A
S057,Student 57,N/A
S058,Student 58,N/A
S059,Student 59,N/A
S060,Student 60,N/A
S061,Student 61,N/A
S062,Student 62,N/A
S063,Student 63,N/A
S064,Student 64,N/A
S065,Student 65,N/A
S066,Student 66,N/A
S067,Student 67,N/A
S068,Student 68,N/A
S069,Student 69,N/A
S070,Student 70,N/A
S071,Student 71,N/A
S072,Student 72,N/A
S073,Student 73,N/A
S074,Student 74,N/A
S075,Student 75,N/A
S076,Student 76,N/A
S077,Student 77,N/A
S078,Student 78,N/A
S079,Student 79,N/A
S080,Student 80,N/A
S081,Student 81,N/A
S082,Student 82,N/A
S083,Student 83,N/A
S084,Student 84,N/A
S085,Student 85,N/A
S086,Student 86,N/A
S087,Student 87,N/A
S088,Student 88,N/A
S089,Student 89,N/A
S090,Student 90,N/A
S091,Student 91,N/A
S092,Student 92,N/A
S093,Student 93,N/A
S094,Student 94,N/A
S095,Student 95,N/A
S096,Student 96,N/A
S097,Student 97,N/A
S098,Student 98,N/A
S099,Student 99,N/A
S100,Student 100,N/A
S101,Student 101,N/A
S102,Student 102,N/A
S103,Student 103,N/A
S104,Student 104,N/A
S105,Student 105,N/A
S106,Student 106,N/A
S107,Student 107,N/A
S108,Student 108,N/A
S109,Student 109,N/A
S110,Student 110,N/A
S111,Student 111,N/A
S112,Student 112,N/A
S113,Student 113,N/A
S114,Student 114,N/A
S115,Student 115,N/A
S116,Student 116,N/A
S117,Student 117,N/A
S118,Student 118,N/A
S119,Student 119,N/A
S120,Student 120,N/A
S999,testlogin,N/A
